X,Y,Z
41.419500000000006,80.6885,2.3035
41.441500000000005,80.68350000000001,2.3035
41.444500000000005,80.6905,2.3005
41.4485,80.6915,2.3005
41.4635,80.6945,2.3025
41.4585,80.69850000000001,2.3005
41.4705,80.7035,2.2995
41.42250000000001,80.73450000000001,2.2855000000000003
41.4275,80.7055,2.2985
41.42250000000001,80.7325,2.2915
41.4365,80.73150000000001,2.3025
41.4485,80.73150000000001,2.2905
41.4305,80.7395,2.2835
41.426500000000004,80.7385,2.2845
41.4335,80.7415,2.2835
41.4375,80.74350000000001,2.2835
41.42850000000001,80.75150000000001,2.2835
41.432500000000005,80.75250000000001,2.2835
41.435500000000005,80.75550000000001,2.2855000000000003
41.4365,80.7535,2.2845
41.4375,80.75750000000001,2.2855000000000003
41.435500000000005,80.76450000000001,2.2845
41.4395,80.76450000000001,2.2845
41.441500000000005,80.7415,2.2865
41.4455,80.7475,2.2835
41.4495,80.7475,2.2835
41.453500000000005,80.7485,2.2835
41.4665,80.74050000000001,2.2875
41.4615,80.7505,2.2835
41.456500000000005,80.7485,2.2855000000000003
41.4645,80.7505,2.2855000000000003
41.4405,80.75550000000001,2.2835
41.444500000000005,80.7565,2.2835
41.4405,80.75250000000001,2.2855000000000003
41.4485,80.75750000000001,2.2835
41.4525,80.75850000000001,2.2835
41.4435,80.7655,2.2845
41.4465,80.76750000000001,2.2845
41.4465,80.76750000000001,2.2865
41.450500000000005,80.76750000000001,2.2845
41.4525,80.76650000000001,2.2865
41.456500000000005,80.75850000000001,2.2845
41.468500000000006,80.75250000000001,2.2835
41.468500000000006,80.75750000000001,2.2855000000000003
41.459500000000006,80.76050000000001,2.2845
41.4575,80.76350000000001,2.2855000000000003
41.4635,80.76050000000001,2.2845
41.471500000000006,80.7625,2.2835
41.4675,80.76150000000001,2.2845
41.471500000000006,80.7625,2.2845
41.441500000000005,80.7685,2.2855000000000003
41.4425,80.77050000000001,2.2865
41.441500000000005,80.77550000000001,2.2855000000000003
41.4455,80.77550000000001,2.2855000000000003
41.4545,80.7685,2.2845
41.453500000000005,80.77050000000001,2.2845
41.4495,80.7775,2.2855000000000003
41.453500000000005,80.7775,2.2855000000000003
41.4545,80.7835,2.2875
41.4585,80.76950000000001,2.2845
41.462500000000006,80.77050000000001,2.2845
41.4665,80.7715,2.2845
41.469500000000004,80.76950000000001,2.2855000000000003
41.465500000000006,80.7745,2.2845
41.4705,80.77250000000001,2.2845
41.4575,80.77850000000001,2.2855000000000003
41.459500000000006,80.77950000000001,2.2865
41.4615,80.77950000000001,2.2855000000000003
41.4605,80.78250000000001,2.2865
41.465500000000006,80.77950000000001,2.2865
41.4705,80.7775,2.2865
41.465500000000006,80.7805,2.2855000000000003
41.468500000000006,80.78150000000001,2.2855000000000003
41.444500000000005,80.78550000000001,2.2865
41.4485,80.7865,2.2865
41.4545,80.78550000000001,2.2875
41.4525,80.78750000000001,2.2865
41.4495,80.79050000000001,2.2875
41.4515,80.79650000000001,2.2875
41.4545,80.7985,2.2865
41.456500000000005,80.78850000000001,2.2865
41.459500000000006,80.7895,2.2865
41.4635,80.79050000000001,2.2865
41.4675,80.79150000000001,2.2855000000000003
41.4585,80.79750000000001,2.2875
41.462500000000006,80.79950000000001,2.2865
41.471500000000006,80.7925,2.2865
41.471500000000006,80.7955,2.2875
41.4675,80.7985,2.2875
41.453500000000005,80.8065,2.2875
41.4575,80.8075,2.2875
41.4665,80.8005,2.2865
41.4705,80.8015,2.2875
41.4615,80.8095,2.2875
41.465500000000006,80.8095,2.2875
41.469500000000004,80.8105,2.2875
41.4555,80.80250000000001,2.2885
41.462500000000006,80.8015,2.2885
41.4605,80.81750000000001,2.2885
41.4635,80.8195,2.2885
41.4635,80.8225,2.2895000000000003
41.462500000000006,80.82050000000001,2.2935000000000003
41.4675,80.8165,2.2895000000000003
41.4675,80.8195,2.2885
41.468500000000006,80.81750000000001,2.2895000000000003
41.471500000000006,80.82050000000001,2.2885
41.4665,80.8275,2.2895000000000003
41.4665,80.82950000000001,2.2895000000000003
41.4705,80.82950000000001,2.2895000000000003
41.4675,80.82950000000001,2.2925
41.469500000000004,80.8335,2.2915
41.468500000000006,80.8395,2.2895000000000003
41.471500000000006,80.8395,2.2905
41.4705,80.84150000000001,2.2925
41.291500000000006,80.4415,2.4155
41.294500000000006,80.4445,2.4155
41.3235,80.44550000000001,2.4165
41.292500000000004,80.4505,2.4155
41.3095,80.4765,2.4165
41.3275,80.44850000000001,2.4145000000000003
41.325500000000005,80.4555,2.4155
41.3205,80.4585,2.4155
41.3215,80.46050000000001,2.4155
41.319500000000005,80.4675,2.4155
41.316500000000005,80.4745,2.4155
41.322500000000005,80.4525,2.4165
41.316500000000005,80.4655,2.4165
41.3125,80.4705,2.4165
41.30650000000001,80.4835,2.4165
41.313500000000005,80.4805,2.4155
41.343500000000006,80.4825,2.4165
41.3415,80.4895,2.4165
41.3395,80.4945,2.4165
41.3365,80.50150000000001,2.4165
41.334500000000006,80.50850000000001,2.4165
41.359500000000004,80.4505,2.4155
41.355500000000006,80.45750000000001,2.4155
41.353500000000004,80.46350000000001,2.4155
41.36150000000001,80.4535,2.4145000000000003
41.3605,80.46050000000001,2.4145000000000003
41.3515,80.46950000000001,2.4155
41.355500000000006,80.46650000000001,2.4155
41.3515,80.47250000000001,2.4155
41.3485,80.4765,2.4155
41.349500000000006,80.47850000000001,2.4155
41.3905,80.4625,2.4155
41.3935,80.4565,2.4155
41.395500000000006,80.4585,2.4145000000000003
41.3855,80.47550000000001,2.4155
41.3915,80.47250000000001,2.4145000000000003
41.3875,80.4775,2.4145000000000003
41.3935,80.4655,2.4145000000000003
41.3855,80.4685,2.4165
41.3485,80.4855,2.4155
41.344500000000004,80.4915,2.4155
41.374500000000005,80.5005,2.4155
41.3755,80.49350000000001,2.4165
41.37050000000001,80.50550000000001,2.4165
41.380500000000005,80.4805,2.4155
41.383500000000005,80.4835,2.4155
41.3815,80.4895,2.4155
41.3795,80.49650000000001,2.4155
41.3765,80.5035,2.4155
41.4065,80.50450000000001,2.4155
41.377500000000005,80.4865,2.4165
41.4035,80.51150000000001,2.4165
41.423500000000004,80.46050000000001,2.4155
41.4275,80.4625,2.4145000000000003
41.4215,80.46650000000001,2.4155
41.4155,80.47850000000001,2.4155
41.419500000000006,80.47250000000001,2.4155
41.423500000000004,80.4765,2.4145000000000003
41.42550000000001,80.46950000000001,2.4145000000000003
41.4555,80.4645,2.4155
41.4555,80.4735,2.4155
41.4515,80.47850000000001,2.4155
41.4575,80.46650000000001,2.4155
41.4515,80.4705,2.4165
41.4485,80.47550000000001,2.4165
41.4155,80.48750000000001,2.4145000000000003
41.419500000000006,80.48150000000001,2.4145000000000003
41.411500000000004,80.4925,2.4155
41.413500000000006,80.4945,2.4155
41.408500000000004,80.4975,2.4155
41.4095,80.5005,2.4155
41.408500000000004,80.50750000000001,2.4155
41.411500000000004,80.4855,2.4165
41.438500000000005,80.50150000000001,2.4165
41.4365,80.50850000000001,2.4165
41.4375,80.51050000000001,2.4165
41.4495,80.4855,2.4155
41.4425,80.4985,2.4155
41.4405,80.50450000000001,2.4155
41.4465,80.4825,2.4165
41.4435,80.4895,2.4165
41.4455,80.4915,2.4165
41.441500000000005,80.4955,2.4165
41.471500000000006,80.4985,2.4175
41.468500000000006,80.50550000000001,2.4175
41.471500000000006,80.50850000000001,2.4165
41.331500000000005,80.51450000000001,2.4165
41.328500000000005,80.52050000000001,2.4165
41.36450000000001,80.51950000000001,2.4165
41.368500000000004,80.5125,2.4165
41.3635,80.52550000000001,2.4165
41.4065,80.51350000000001,2.4155
41.398500000000006,80.5305,2.4155
41.4025,80.5185,2.4165
41.3995,80.52350000000001,2.4165
41.4335,80.5245,2.4155
41.4345,80.5155,2.4165
41.435500000000005,80.51650000000001,2.4165
41.429500000000004,80.5275,2.4165
41.432500000000005,80.5215,2.4165
41.42850000000001,80.53450000000001,2.4165
41.4615,80.51750000000001,2.4175
41.4665,80.5125,2.4175
41.4705,80.51450000000001,2.4165
41.4615,80.5245,2.4175
41.4635,80.52650000000001,2.4165
41.4665,80.5215,2.4165
41.4575,80.5305,2.4175
41.4605,80.5335,2.4165
41.456500000000005,80.53750000000001,2.4175
41.4545,80.6225,2.4185000000000003
41.4525,80.6285,2.4185000000000003
41.4495,80.6345,2.4185000000000003
41.395500000000006,80.66650000000001,2.3065
41.398500000000006,80.66650000000001,2.3055000000000003
41.4025,80.66650000000001,2.3055000000000003
41.4065,80.6675,2.3055000000000003
41.410500000000006,80.66850000000001,2.3055000000000003
41.414500000000004,80.6705,2.3055000000000003
41.4185,80.67150000000001,2.3055000000000003
41.43150000000001,80.67150000000001,2.3065
41.4215,80.6735,2.3055000000000003
41.420500000000004,80.6735,2.3075
41.417500000000004,80.67750000000001,2.3065
41.42250000000001,80.6815,2.3075
41.417500000000004,80.6875,2.3085
41.426500000000004,80.67250000000001,2.3055000000000003
41.429500000000004,80.67450000000001,2.3055000000000003
41.4275,80.6765,2.3075
41.4335,80.6755,2.3055000000000003
41.4375,80.6795,2.3045
41.413500000000006,80.6935,2.3085
41.4125,80.7005,2.3085
41.450500000000005,80.6815,2.3065
41.453500000000005,80.6855,2.3075
41.4645,80.6755,2.3065
41.4585,80.68050000000001,2.3075
41.4515,80.69250000000001,2.3085
41.4465,80.6975,2.3085
41.4425,80.7025,2.3095000000000003
41.420500000000004,80.7095,2.3055000000000003
41.471500000000006,80.6495,2.4205
41.4705,80.6495,2.5335
41.469500000000004,80.64750000000001,2.5415
41.469500000000004,80.64750000000001,2.5485
41.4705,80.64850000000001,2.5555000000000003
41.4945,80.6825,2.3035
41.4975,80.6855,2.3035
41.5015,80.68650000000001,2.3035
41.4885,80.6915,2.3035
41.5045,80.69550000000001,2.3005
41.508500000000005,80.7005,2.2985
41.5125,80.70150000000001,2.2985
41.520500000000006,80.69550000000001,2.3025
41.4795,80.7275,2.2905
41.4765,80.72250000000001,2.2925
41.48350000000001,80.7275,2.2915
41.480500000000006,80.73450000000001,2.2905
41.48650000000001,80.7355,2.2885
41.4825,80.7235,2.2995
41.5155,80.7085,2.2955
41.529500000000006,80.7175,2.2955
41.523500000000006,80.7065,2.2995
41.526500000000006,80.7095,2.2985
41.5065,80.72250000000001,2.2955
41.535500000000006,80.7205,2.2945
41.532500000000006,80.7245,2.2935000000000003
41.535500000000006,80.72850000000001,2.2915
41.535500000000006,80.7215,2.3025
41.480500000000006,80.75150000000001,2.2835
41.4855,80.7475,2.2865
41.480500000000006,80.75150000000001,2.2865
41.490500000000004,80.7385,2.2875
41.4945,80.74050000000001,2.2875
41.4975,80.7415,2.2875
41.5015,80.7455,2.2855000000000003
41.472500000000004,80.7535,2.2835
41.4765,80.75450000000001,2.2835
41.4765,80.75450000000001,2.2865
41.4735,80.75750000000001,2.2845
41.475500000000004,80.75750000000001,2.2845
41.480500000000006,80.75550000000001,2.2835
41.484500000000004,80.7565,2.2835
41.475500000000004,80.76450000000001,2.2835
41.4795,80.76450000000001,2.2835
41.4825,80.76650000000001,2.2835
41.487500000000004,80.76650000000001,2.2845
41.4885,80.75750000000001,2.2835
41.49250000000001,80.75750000000001,2.2835
41.496500000000005,80.7595,2.2835
41.499500000000005,80.7595,2.2835
41.5035,80.7595,2.2865
41.490500000000004,80.76750000000001,2.2845
41.49550000000001,80.76450000000001,2.2855000000000003
41.4945,80.76750000000001,2.2845
41.5035,80.76050000000001,2.2835
41.5005,80.76350000000001,2.2845
41.5105,80.7475,2.2855000000000003
41.5045,80.74950000000001,2.2845
41.5095,80.74950000000001,2.2855000000000003
41.5195,80.7455,2.2875
41.5125,80.75150000000001,2.2845
41.5095,80.75750000000001,2.2865
41.5125,80.75450000000001,2.2845
41.5165,80.75250000000001,2.2845
41.5185,80.75250000000001,2.2865
41.514500000000005,80.7565,2.2865
41.5075,80.76150000000001,2.2835
41.511500000000005,80.76350000000001,2.2835
41.5105,80.76150000000001,2.2845
41.5075,80.76750000000001,2.2845
41.5155,80.76450000000001,2.2835
41.5195,80.76450000000001,2.2835
41.520500000000006,80.75450000000001,2.2845
41.5245,80.75450000000001,2.2845
41.5285,80.7565,2.2845
41.532500000000006,80.7565,2.2845
41.523500000000006,80.76650000000001,2.2835
41.5275,80.76750000000001,2.2835
41.532500000000006,80.7655,2.2845
41.5105,80.7385,2.2925
41.526500000000006,80.74050000000001,2.2995
41.539500000000004,80.7355,2.2895000000000003
41.584500000000006,80.7275,2.2935000000000003
41.542500000000004,80.7395,2.2875
41.5465,80.7425,2.2875
41.5495,80.74650000000001,2.2855000000000003
41.55050000000001,80.7455,2.2865
41.55350000000001,80.74950000000001,2.2855000000000003
41.557500000000005,80.75150000000001,2.2855000000000003
41.536500000000004,80.7595,2.2825
41.55050000000001,80.75450000000001,2.2835
41.551500000000004,80.75450000000001,2.2845
41.548500000000004,80.75850000000001,2.2845
41.5405,80.76150000000001,2.2825
41.542500000000004,80.76050000000001,2.2845
41.538500000000006,80.76450000000001,2.2845
41.544500000000006,80.76150000000001,2.2825
41.54750000000001,80.76050000000001,2.2835
41.54750000000001,80.7625,2.2825
41.545500000000004,80.76650000000001,2.2835
41.551500000000004,80.76450000000001,2.2825
41.5615,80.7535,2.2845
41.5645,80.75550000000001,2.2845
41.5555,80.7655,2.2825
41.5595,80.7655,2.2825
41.563500000000005,80.76750000000001,2.2825
41.5595,80.74350000000001,2.2895000000000003
41.5825,80.7455,2.2845
41.5865,80.7455,2.2865
41.5685,80.75750000000001,2.2845
41.572500000000005,80.75750000000001,2.2845
41.5765,80.7595,2.2835
41.5745,80.7655,2.2835
41.569500000000005,80.76650000000001,2.2845
41.5805,80.76050000000001,2.2835
41.581500000000005,80.76350000000001,2.2835
41.584500000000006,80.75850000000001,2.2835
41.5865,80.75450000000001,2.2845
41.597500000000004,80.75550000000001,2.2815000000000003
41.584500000000006,80.76350000000001,2.2815000000000003
41.587500000000006,80.7655,2.2815000000000003
41.584500000000006,80.7655,2.2825
41.5925,80.7655,2.2815000000000003
41.5955,80.76650000000001,2.2815000000000003
41.599500000000006,80.76750000000001,2.2815000000000003
41.593500000000006,80.7455,2.2905
41.590500000000006,80.7485,2.2985
41.694500000000005,80.6815,2.3025
41.6985,80.68350000000001,2.3025
41.7025,80.6845,2.3025
41.706500000000005,80.68650000000001,2.3025
41.7115,80.6875,2.3035
41.719500000000004,80.6795,2.3015000000000003
41.7165,80.67750000000001,2.3025
41.724500000000006,80.68050000000001,2.3025
41.7105,80.6885,2.3025
41.7145,80.6885,2.3025
41.718500000000006,80.6905,2.3025
41.722500000000004,80.6915,2.3025
41.7265,80.6935,2.3025
41.719500000000004,80.7035,2.3035
41.724500000000006,80.70150000000001,2.3035
41.6045,80.7595,2.2815000000000003
41.6235,80.75750000000001,2.2825
41.6255,80.75750000000001,2.2825
41.6165,80.76350000000001,2.2805
41.6235,80.76350000000001,2.2825
41.6195,80.76650000000001,2.2825
41.62050000000001,80.76450000000001,2.2805
41.624500000000005,80.76450000000001,2.2815000000000003
41.6295,80.74650000000001,2.2885
41.6345,80.75150000000001,2.2825
41.6385,80.7535,2.2825
41.6415,80.75750000000001,2.2815000000000003
41.645500000000006,80.7595,2.2805
41.648500000000006,80.7625,2.2805
41.6525,80.7625,2.2805
41.660500000000006,80.76350000000001,2.2805
41.6565,80.76450000000001,2.2805
41.660500000000006,80.7655,2.2805
41.7105,80.73450000000001,2.3035
41.7235,80.7265,2.3035
41.715500000000006,80.7305,2.3035
41.719500000000004,80.72850000000001,2.3035
41.664500000000004,80.76750000000001,2.2795
41.6745,80.75450000000001,2.2875
41.685500000000005,80.7625,2.2795
41.6895,80.76350000000001,2.2795
41.6935,80.7655,2.2795
41.6655,80.7385,2.3025
41.6745,80.7565,2.2955
41.697500000000005,80.76650000000001,2.2795
41.7265,80.76650000000001,2.2815000000000003
41.7085,80.7395,2.2965
41.703500000000005,80.75150000000001,2.3005
41.7135,80.73750000000001,2.2885
41.7265,80.7455,2.3035
41.727500000000006,80.76650000000001,2.2955
41.721500000000006,80.75550000000001,2.2965
41.7205,80.7565,2.3035
41.722500000000004,80.75750000000001,2.3025
41.719500000000004,80.76350000000001,2.3035
41.724500000000006,80.76650000000001,2.2995
41.474500000000006,80.77350000000001,2.2845
41.474500000000006,80.77350000000001,2.2865
41.477500000000006,80.77250000000001,2.2845
41.478500000000004,80.7745,2.2845
41.480500000000006,80.7715,2.2855000000000003
41.48650000000001,80.76950000000001,2.2855000000000003
41.481500000000004,80.77550000000001,2.2845
41.472500000000004,80.78250000000001,2.2855000000000003
41.4765,80.7835,2.2855000000000003
41.4855,80.77650000000001,2.2845
41.4885,80.77350000000001,2.2845
41.4985,80.76950000000001,2.2845
41.502500000000005,80.77050000000001,2.2845
41.502500000000005,80.77350000000001,2.2855000000000003
41.5005,80.7745,2.2845
41.48950000000001,80.77650000000001,2.2845
41.493500000000004,80.77850000000001,2.2845
41.4945,80.7835,2.2865
41.4975,80.77950000000001,2.2845
41.4975,80.78250000000001,2.2865
41.5015,80.7805,2.2845
41.502500000000005,80.7805,2.2865
41.480500000000006,80.78550000000001,2.2855000000000003
41.484500000000004,80.7865,2.2855000000000003
41.4825,80.79050000000001,2.2875
41.487500000000004,80.78850000000001,2.2865
41.475500000000004,80.79350000000001,2.2865
41.4765,80.7925,2.2875
41.4795,80.79450000000001,2.2865
41.48350000000001,80.79450000000001,2.2865
41.487500000000004,80.7955,2.2865
41.4885,80.78750000000001,2.2855000000000003
41.49250000000001,80.78750000000001,2.2855000000000003
41.49250000000001,80.78450000000001,2.2865
41.48950000000001,80.7895,2.2865
41.496500000000005,80.78850000000001,2.2855000000000003
41.499500000000005,80.7895,2.2855000000000003
41.5035,80.7895,2.2855000000000003
41.490500000000004,80.79650000000001,2.2865
41.4945,80.79750000000001,2.2865
41.4985,80.7985,2.2865
41.502500000000005,80.79950000000001,2.2865
41.474500000000006,80.7775,2.2895000000000003
41.4795,80.78750000000001,2.2895000000000003
41.4735,80.79150000000001,2.2915
41.4885,80.7955,2.2905
41.5105,80.77350000000001,2.2835
41.5065,80.7715,2.2845
41.511500000000005,80.77550000000001,2.2855000000000003
41.514500000000005,80.7745,2.2835
41.517500000000005,80.77250000000001,2.2855000000000003
41.5185,80.7745,2.2845
41.508500000000005,80.77850000000001,2.2855000000000003
41.511500000000005,80.77950000000001,2.2845
41.505500000000005,80.7805,2.2845
41.5095,80.78250000000001,2.2845
41.5125,80.7835,2.2845
41.5165,80.7835,2.2845
41.523500000000006,80.7715,2.2845
41.5215,80.77550000000001,2.2845
41.5305,80.7685,2.2835
41.5345,80.76950000000001,2.2835
41.529500000000006,80.76950000000001,2.2845
41.5255,80.77650000000001,2.2845
41.5245,80.77850000000001,2.2845
41.529500000000006,80.7775,2.2845
41.5345,80.77650000000001,2.2855000000000003
41.533500000000004,80.77850000000001,2.2845
41.535500000000006,80.77950000000001,2.2845
41.532500000000006,80.7835,2.2855000000000003
41.5075,80.79050000000001,2.2855000000000003
41.5195,80.79050000000001,2.2865
41.511500000000005,80.7925,2.2855000000000003
41.5095,80.79650000000001,2.2875
41.5155,80.7925,2.2855000000000003
41.5135,80.79350000000001,2.2875
41.5195,80.79450000000001,2.2855000000000003
41.5185,80.79950000000001,2.2875
41.520500000000006,80.78450000000001,2.2845
41.5245,80.78550000000001,2.2855000000000003
41.5245,80.78850000000001,2.2865
41.5285,80.78750000000001,2.2845
41.529500000000006,80.7865,2.2865
41.535500000000006,80.78450000000001,2.2855000000000003
41.529500000000006,80.78850000000001,2.2855000000000003
41.532500000000006,80.78850000000001,2.2845
41.535500000000006,80.7895,2.2845
41.523500000000006,80.7955,2.2855000000000003
41.5215,80.79350000000001,2.2865
41.5275,80.7955,2.2855000000000003
41.5305,80.79750000000001,2.2855000000000003
41.5345,80.7985,2.2855000000000003
41.474500000000006,80.8015,2.2875
41.478500000000004,80.8005,2.2875
41.477500000000006,80.8035,2.2865
41.481500000000004,80.8045,2.2865
41.4855,80.8045,2.2875
41.472500000000004,80.8125,2.2875
41.4765,80.8125,2.2875
41.480500000000006,80.8135,2.2875
41.484500000000004,80.8155,2.2875
41.48950000000001,80.8065,2.2865
41.493500000000004,80.8065,2.2875
41.4985,80.8015,2.2875
41.4885,80.8155,2.2875
41.49250000000001,80.8155,2.2875
41.4975,80.80850000000001,2.2865
41.5015,80.80850000000001,2.2875
41.496500000000005,80.81750000000001,2.2875
41.5035,80.8195,2.2875
41.477500000000006,80.8065,2.2885
41.477500000000006,80.8105,2.2895000000000003
41.472500000000004,80.8125,2.2885
41.48350000000001,80.80850000000001,2.2885
41.493500000000004,80.8035,2.2885
41.4885,80.8065,2.2885
41.4975,80.8045,2.2915
41.5035,80.8155,2.2885
41.5015,80.8155,2.2915
41.475500000000004,80.8215,2.2885
41.4795,80.8225,2.2885
41.48350000000001,80.82350000000001,2.2885
41.472500000000004,80.8275,2.2905
41.474500000000006,80.8305,2.2895000000000003
41.475500000000004,80.8315,2.2905
41.4795,80.82950000000001,2.2905
41.487500000000004,80.8245,2.2885
41.4855,80.8275,2.2895000000000003
41.490500000000004,80.82350000000001,2.2905
41.4945,80.8215,2.2895000000000003
41.5005,80.81750000000001,2.2885
41.5005,80.82050000000001,2.2895000000000003
41.490500000000004,80.8255,2.2885
41.4945,80.82650000000001,2.2885
41.4975,80.8275,2.2895000000000003
41.4985,80.8275,2.2885
41.502500000000005,80.8275,2.2885
41.5065,80.8005,2.2865
41.5105,80.8015,2.2865
41.514500000000005,80.80250000000001,2.2865
41.517500000000005,80.8035,2.2865
41.5135,80.8045,2.2875
41.505500000000005,80.8105,2.2865
41.508500000000005,80.8105,2.2875
41.511500000000005,80.8105,2.2875
41.5125,80.81150000000001,2.2875
41.5165,80.8135,2.2875
41.5215,80.8045,2.2865
41.5255,80.80550000000001,2.2865
41.5315,80.8045,2.2875
41.529500000000006,80.8065,2.2865
41.533500000000004,80.8065,2.2865
41.520500000000006,80.8135,2.2875
41.5245,80.81450000000001,2.2875
41.5285,80.8155,2.2875
41.511500000000005,80.8215,2.2875
41.5195,80.82350000000001,2.2875
41.532500000000006,80.8165,2.2875
41.535500000000006,80.81750000000001,2.2875
41.523500000000006,80.8245,2.2875
41.526500000000006,80.8255,2.2875
41.5185,80.80250000000001,2.2895000000000003
41.5105,80.81450000000001,2.2885
41.5155,80.81150000000001,2.2885
41.5255,80.8065,2.2885
41.5275,80.8075,2.2905
41.520500000000006,80.8095,2.2885
41.535500000000006,80.8155,2.2905
41.505500000000005,80.8165,2.2895000000000003
41.5075,80.8195,2.2885
41.5155,80.8215,2.2885
41.5125,80.8225,2.2925
41.5065,80.82950000000001,2.2885
41.5105,80.8305,2.2885
41.5135,80.8315,2.2885
41.517500000000005,80.82950000000001,2.2895000000000003
41.517500000000005,80.8315,2.2885
41.532500000000006,80.8225,2.2895000000000003
41.5225,80.8275,2.2895000000000003
41.526500000000006,80.8245,2.2895000000000003
41.5215,80.8315,2.2895000000000003
41.520500000000006,80.8315,2.2935000000000003
41.5305,80.8255,2.2885
41.535500000000006,80.8255,2.2885
41.5345,80.82650000000001,2.2885
41.5315,80.8315,2.2895000000000003
41.538500000000006,80.76950000000001,2.2835
41.542500000000004,80.77050000000001,2.2835
41.539500000000004,80.7715,2.2845
41.5465,80.7715,2.2835
41.55050000000001,80.77350000000001,2.2835
41.5375,80.77950000000001,2.2845
41.538500000000006,80.78150000000001,2.2855000000000003
41.541500000000006,80.7805,2.2845
41.55050000000001,80.7775,2.2845
41.545500000000004,80.78150000000001,2.2845
41.5465,80.78250000000001,2.2845
41.5495,80.78250000000001,2.2845
41.554500000000004,80.7745,2.2835
41.554500000000004,80.77550000000001,2.2845
41.5675,80.76950000000001,2.2825
41.5645,80.76950000000001,2.2845
41.560500000000005,80.77250000000001,2.2845
41.5585,80.77650000000001,2.2835
41.5585,80.7805,2.2845
41.5625,80.77650000000001,2.2835
41.5655,80.77850000000001,2.2835
41.539500000000004,80.7895,2.2845
41.5435,80.79150000000001,2.2845
41.54750000000001,80.79150000000001,2.2855000000000003
41.538500000000006,80.7985,2.2855000000000003
41.5405,80.79950000000001,2.2875
41.551500000000004,80.79350000000001,2.2845
41.551500000000004,80.79450000000001,2.2865
41.5465,80.79750000000001,2.2865
41.5525,80.78450000000001,2.2845
41.55650000000001,80.78550000000001,2.2845
41.560500000000005,80.7865,2.2845
41.5645,80.78750000000001,2.2845
41.5625,80.79150000000001,2.2855000000000003
41.566500000000005,80.78850000000001,2.2855000000000003
41.5555,80.79450000000001,2.2855000000000003
41.55650000000001,80.79350000000001,2.2855000000000003
41.5595,80.7955,2.2855000000000003
41.5595,80.7925,2.2865
41.554500000000004,80.79750000000001,2.2865
41.563500000000005,80.79650000000001,2.2845
41.5675,80.79750000000001,2.2845
41.5715,80.76950000000001,2.2825
41.575500000000005,80.77050000000001,2.2825
41.5745,80.77550000000001,2.2845
41.578500000000005,80.77050000000001,2.2835
41.578500000000005,80.77250000000001,2.2825
41.5825,80.77250000000001,2.2825
41.569500000000005,80.77950000000001,2.2835
41.5735,80.7805,2.2835
41.569500000000005,80.7805,2.2845
41.5715,80.78250000000001,2.2845
41.5775,80.78150000000001,2.2835
41.581500000000005,80.78150000000001,2.2835
41.5825,80.78150000000001,2.2845
41.5865,80.7745,2.2825
41.590500000000006,80.7745,2.2825
41.594500000000004,80.7745,2.2835
41.597500000000004,80.77350000000001,2.2835
41.5855,80.78250000000001,2.2835
41.587500000000006,80.77850000000001,2.2845
41.593500000000006,80.77650000000001,2.2835
41.5985,80.7775,2.2825
41.5685,80.7895,2.2835
41.572500000000005,80.7865,2.2855000000000003
41.572500000000005,80.78850000000001,2.2845
41.5765,80.79150000000001,2.2835
41.5775,80.78450000000001,2.2845
41.581500000000005,80.78450000000001,2.2845
41.5795,80.79150000000001,2.2845
41.5715,80.7985,2.2855000000000003
41.5745,80.79950000000001,2.2855000000000003
41.5835,80.7925,2.2845
41.5835,80.79950000000001,2.2855000000000003
41.5895,80.78450000000001,2.2835
41.5925,80.78550000000001,2.2835
41.596500000000006,80.7865,2.2835
41.593500000000006,80.78550000000001,2.2845
41.587500000000006,80.7925,2.2845
41.5915,80.79450000000001,2.2845
41.5885,80.79750000000001,2.2855000000000003
41.599500000000006,80.79750000000001,2.2835
41.593500000000006,80.79350000000001,2.2855000000000003
41.5955,80.7955,2.2845
41.5985,80.7925,2.2855000000000003
41.596500000000006,80.79750000000001,2.2855000000000003
41.5735,80.79650000000001,2.2895000000000003
41.536500000000004,80.8015,2.2875
41.542500000000004,80.8005,2.2855000000000003
41.5375,80.8075,2.2865
41.5465,80.8005,2.2855000000000003
41.55050000000001,80.8015,2.2855000000000003
41.551500000000004,80.8035,2.2875
41.541500000000006,80.80850000000001,2.2865
41.545500000000004,80.8095,2.2865
41.548500000000004,80.8095,2.2875
41.548500000000004,80.81150000000001,2.2865
41.544500000000006,80.81450000000001,2.2875
41.55350000000001,80.8045,2.2855000000000003
41.557500000000005,80.80550000000001,2.2855000000000003
41.5615,80.8065,2.2855000000000003
41.5625,80.8075,2.2875
41.5655,80.80550000000001,2.2865
41.5585,80.81150000000001,2.2875
41.5525,80.8125,2.2865
41.55650000000001,80.8135,2.2865
41.560500000000005,80.81450000000001,2.2865
41.539500000000004,80.8185,2.2875
41.5435,80.8195,2.2875
41.54750000000001,80.82050000000001,2.2875
41.551500000000004,80.8225,2.2875
41.5555,80.82350000000001,2.2875
41.5595,80.82350000000001,2.2875
41.5645,80.8165,2.2865
41.5625,80.82650000000001,2.2865
41.566500000000005,80.82650000000001,2.2875
41.548500000000004,80.8155,2.2885
41.542500000000004,80.8165,2.2885
41.538500000000006,80.82050000000001,2.2885
41.548500000000004,80.8195,2.2915
41.538500000000006,80.8275,2.2885
41.542500000000004,80.8285,2.2885
41.5465,80.82950000000001,2.2885
41.5495,80.8305,2.2885
41.5555,80.82650000000001,2.2915
41.554500000000004,80.8305,2.2895000000000003
41.5595,80.8285,2.2885
41.563500000000005,80.8245,2.2885
41.5675,80.82950000000001,2.2885
41.572500000000005,80.8035,2.2865
41.5685,80.8065,2.2865
41.578500000000005,80.8005,2.2855000000000003
41.578500000000005,80.8015,2.2865
41.5825,80.8015,2.2855000000000003
41.569500000000005,80.80850000000001,2.2855000000000003
41.5735,80.8095,2.2855000000000003
41.5775,80.8095,2.2855000000000003
41.5805,80.81150000000001,2.2855000000000003
41.5825,80.8135,2.2865
41.5865,80.80250000000001,2.2855000000000003
41.590500000000006,80.8035,2.2845
41.5855,80.8075,2.2865
41.593500000000006,80.80550000000001,2.2845
41.597500000000004,80.80550000000001,2.2855000000000003
41.584500000000006,80.8125,2.2855000000000003
41.5885,80.8125,2.2855000000000003
41.5895,80.81450000000001,2.2875
41.599500000000006,80.8095,2.2865
41.5925,80.8135,2.2865
41.5955,80.8125,2.2865
41.596500000000006,80.8155,2.2855000000000003
41.5685,80.8165,2.2865
41.5715,80.81750000000001,2.2865
41.575500000000005,80.8185,2.2865
41.5775,80.8195,2.2875
41.5795,80.8195,2.2865
41.5835,80.82050000000001,2.2865
41.5705,80.8275,2.2875
41.5745,80.8285,2.2875
41.578500000000005,80.82950000000001,2.2875
41.5825,80.8305,2.2875
41.5855,80.8165,2.2875
41.587500000000006,80.8215,2.2865
41.5915,80.82350000000001,2.2865
41.594500000000004,80.82350000000001,2.2865
41.5855,80.8315,2.2875
41.5985,80.8245,2.2865
41.5795,80.8075,2.2895000000000003
41.569500000000005,80.8225,2.2885
41.5745,80.8215,2.2885
41.572500000000005,80.8245,2.2885
41.584500000000006,80.8165,2.2905
41.5925,80.8255,2.2905
41.594500000000004,80.8285,2.2885
41.481500000000004,80.85950000000001,2.2875
41.4885,80.86250000000001,2.2875
41.49250000000001,80.8635,2.2875
41.478500000000004,80.83250000000001,2.2895000000000003
41.477500000000006,80.8345,2.2895000000000003
41.4825,80.83250000000001,2.2895000000000003
41.484500000000004,80.8335,2.2895000000000003
41.4825,80.8395,2.2905
41.487500000000004,80.8375,2.2905
41.475500000000004,80.84150000000001,2.2895000000000003
41.4795,80.8425,2.2895000000000003
41.48350000000001,80.8435,2.2895000000000003
41.487500000000004,80.84450000000001,2.2895000000000003
41.484500000000004,80.84450000000001,2.2915
41.48650000000001,80.84450000000001,2.2915
41.480500000000006,80.8455,2.2925
41.4885,80.83550000000001,2.2895000000000003
41.49250000000001,80.83550000000001,2.2895000000000003
41.49250000000001,80.83250000000001,2.2905
41.490500000000004,80.83850000000001,2.2885
41.496500000000005,80.83550000000001,2.2895000000000003
41.5005,80.8375,2.2895000000000003
41.5015,80.83850000000001,2.2885
41.5015,80.8365,2.2905
41.490500000000004,80.84150000000001,2.2915
41.4915,80.8455,2.2895000000000003
41.49550000000001,80.8455,2.2905
41.496500000000005,80.8405,2.2905
41.4985,80.84750000000001,2.2895000000000003
41.502500000000005,80.84750000000001,2.2905
41.477500000000006,80.8495,2.2915
41.4795,80.8495,2.2915
41.478500000000004,80.8555,2.2895000000000003
41.4855,80.85950000000001,2.2885
41.49550000000001,80.85050000000001,2.2915
41.5075,80.8345,2.2905
41.511500000000005,80.83250000000001,2.2905
41.5045,80.83850000000001,2.2895000000000003
41.5075,80.8395,2.2895000000000003
41.511500000000005,80.8395,2.2895000000000003
41.5125,80.8335,2.2895000000000003
41.5155,80.8405,2.2895000000000003
41.5195,80.84150000000001,2.2895000000000003
41.517500000000005,80.84750000000001,2.2915
41.5245,80.8335,2.2885
41.5245,80.83550000000001,2.2895000000000003
41.523500000000006,80.8365,2.2905
41.5285,80.83550000000001,2.2885
41.532500000000006,80.83550000000001,2.2885
41.523500000000006,80.8435,2.2895000000000003
41.520500000000006,80.84150000000001,2.2905
41.5275,80.8435,2.2895000000000003
41.5225,80.84450000000001,2.2915
41.5255,80.8425,2.2935000000000003
41.5285,80.84150000000001,2.2905
41.533500000000004,80.8405,2.2905
41.5305,80.84450000000001,2.2895000000000003
41.5345,80.8465,2.2895000000000003
41.5045,80.8485,2.2905
41.5065,80.8485,2.2905
41.5105,80.8495,2.2905
41.5075,80.85050000000001,2.2925
41.5135,80.8495,2.2915
41.514500000000005,80.85050000000001,2.2905
41.5185,80.8485,2.2905
41.5185,80.8515,2.2905
41.514500000000005,80.8545,2.2915
41.5065,80.8575,2.2905
41.5095,80.85950000000001,2.2915
41.5135,80.85950000000001,2.2915
41.5215,80.85350000000001,2.2895000000000003
41.5255,80.8545,2.2895000000000003
41.529500000000006,80.8555,2.2895000000000003
41.533500000000004,80.85650000000001,2.2895000000000003
41.533500000000004,80.8585,2.2895000000000003
41.487500000000004,80.8735,2.2875
41.496500000000005,80.8665,2.2865
41.5005,80.8675,2.2865
41.5035,80.86850000000001,2.2865
41.4915,80.8735,2.2875
41.487500000000004,80.8665,2.2895000000000003
41.4855,80.87150000000001,2.2905
41.4855,80.8755,2.2905
41.48650000000001,80.87650000000001,2.2905
41.48650000000001,80.8785,2.2945
41.499500000000005,80.8665,2.2915
41.5035,80.87150000000001,2.2885
41.48950000000001,80.8735,2.2885
41.493500000000004,80.8755,2.2895000000000003
41.49550000000001,80.87450000000001,2.2885
41.490500000000004,80.87650000000001,2.2905
41.4945,80.87750000000001,2.2915
41.4885,80.87950000000001,2.2945
41.490500000000004,80.87950000000001,2.2945
41.4945,80.87950000000001,2.2945
41.4985,80.8735,2.2885
41.499500000000005,80.8755,2.2885
41.4985,80.8735,2.2915
41.502500000000005,80.87450000000001,2.2885
41.4985,80.87750000000001,2.2915
41.502500000000005,80.8785,2.2915
41.502500000000005,80.87950000000001,2.2925
41.493500000000004,80.87950000000001,2.2995
41.487500000000004,80.88050000000001,2.2955
41.490500000000004,80.88050000000001,2.2955
41.496500000000005,80.88050000000001,2.2935000000000003
41.4985,80.88050000000001,2.2955
41.5015,80.88050000000001,2.2955
41.502500000000005,80.88050000000001,2.2955
41.48950000000001,80.8815,2.2985
41.493500000000004,80.88250000000001,2.2985
41.48950000000001,80.88050000000001,2.3015000000000003
41.4945,80.8815,2.3025
41.48950000000001,80.8845,2.3015000000000003
41.493500000000004,80.88550000000001,2.3015000000000003
41.4945,80.88650000000001,2.3035
41.499500000000005,80.88250000000001,2.2975000000000003
41.4975,80.88350000000001,2.2985
41.5015,80.88350000000001,2.2985
41.496500000000005,80.88550000000001,2.3015000000000003
41.502500000000005,80.8875,2.3015000000000003
41.5005,80.88550000000001,2.3025
41.502500000000005,80.8845,2.3025
41.5075,80.86850000000001,2.2865
41.511500000000005,80.87150000000001,2.2865
41.5155,80.8725,2.2865
41.5195,80.8725,2.2865
41.526500000000006,80.87150000000001,2.2875
41.5225,80.87450000000001,2.2855000000000003
41.526500000000006,80.8755,2.2865
41.535500000000006,80.87450000000001,2.2875
41.5305,80.87650000000001,2.2865
41.5345,80.87650000000001,2.2865
41.5065,80.8665,2.2885
41.514500000000005,80.87150000000001,2.2905
41.5065,80.87650000000001,2.2885
41.5045,80.8785,2.2915
41.5065,80.8785,2.2915
41.5105,80.87650000000001,2.2885
41.5095,80.8785,2.2905
41.5095,80.8785,2.2935000000000003
41.5105,80.87950000000001,2.2925
41.5165,80.8755,2.2915
41.514500000000005,80.87750000000001,2.2885
41.5185,80.87750000000001,2.2885
41.517500000000005,80.8785,2.2905
41.523500000000006,80.87750000000001,2.2885
41.523500000000006,80.8785,2.2885
41.526500000000006,80.8785,2.2895000000000003
41.5245,80.87950000000001,2.2945
41.5305,80.87650000000001,2.2885
41.5305,80.8785,2.2895000000000003
41.533500000000004,80.87950000000001,2.2895000000000003
41.5285,80.87750000000001,2.2925
41.505500000000005,80.8815,2.2955
41.5095,80.8815,2.2955
41.5135,80.88050000000001,2.2925
41.5135,80.88050000000001,2.2955
41.5135,80.88250000000001,2.2955
41.514500000000005,80.88350000000001,2.2955
41.517500000000005,80.88050000000001,2.2925
41.5185,80.88350000000001,2.2955
41.5065,80.88250000000001,2.2965
41.505500000000005,80.8845,2.2985
41.5095,80.8845,2.2995
41.5045,80.88650000000001,2.3025
41.5095,80.88650000000001,2.3015000000000003
41.508500000000005,80.88650000000001,2.3025
41.517500000000005,80.88250000000001,2.2965
41.5125,80.88550000000001,2.2995
41.5165,80.8845,2.2995
41.5165,80.88650000000001,2.2995
41.5125,80.88350000000001,2.3035
41.514500000000005,80.88350000000001,2.3025
41.5125,80.8875,2.3025
41.5165,80.8875,2.3035
41.5135,80.88850000000001,2.3035
41.5215,80.88050000000001,2.2925
41.520500000000006,80.88250000000001,2.2945
41.5255,80.8815,2.2925
41.5255,80.88250000000001,2.2955
41.535500000000006,80.88250000000001,2.2915
41.529500000000006,80.8815,2.2935000000000003
41.5285,80.88250000000001,2.2925
41.535500000000006,80.8815,2.2925
41.533500000000004,80.88250000000001,2.2935000000000003
41.5215,80.88350000000001,2.2965
41.5255,80.88350000000001,2.2965
41.520500000000006,80.88550000000001,2.2995
41.523500000000006,80.88650000000001,2.2985
41.5245,80.88650000000001,2.2995
41.5285,80.88350000000001,2.2965
41.5305,80.88550000000001,2.2975000000000003
41.5315,80.8875,2.2995
41.532500000000006,80.8845,2.2965
41.5285,80.88650000000001,2.3005
41.529500000000006,80.8845,2.3035
41.532500000000006,80.8875,2.3005
41.520500000000006,80.88850000000001,2.3035
41.5245,80.88850000000001,2.3035
41.5275,80.88950000000001,2.3025
41.535500000000006,80.8905,2.3015000000000003
